{
  "workload_type": "Read",
  "threads": 16,
  "duration_secs": 20,
  "total_operations": 51605738,
  "successful_operations": 51605738,
  "failed_operations": 0,
  "throughput_ops_per_sec": 2580273.702932119,
  "latencies_ms": {
    "min": 0.000583,
    "max": 15.102083,
    "mean": 0.0022899663025148045,
    "p50": 0.002,
    "p95": 0.003417,
    "p99": 0.003875
  },
  "per_thread_ops": [
    3225358,
    3225358,
    3225358,
    3225358,
    3225358,
    3225358,
    3225358,
    3225358,
    3225358,
    3225358,
    3225358,
    3225358,
    3225358,
    3225358,
    3225358,
    3225358
  ]
}